Player,Team,Credits,Total Points
Heinrich Klaasen,SRH,10,788
Abhishek Sharma,SRH,10.5,768
KL Rahul,DC,10,735
Shubman Gill,GT,10,734
Vaibhav Sooryavanshi,RR,9,698
Bhuvneshwar Kumar,RCB,9,696
Sanju Samson,CSK,9.5,685
Ishan Kishan,SRH,10.5,678
Jos Buttler,GT,10,677
Sai Sudharsan,GT,10,674
Cooper Connolly,PBKS,7.5,671
Shreyas Iyer,PBKS,10.5,637
Ryan Rickelton,MI,9,635
Anshul Kamboj,CSK,8.5,626
Prabhsimran Singh,PBKS,9,618
Virat Kohli,RCB,11,609
Jamie Overton,CSK,8,609
Dhruv Jurel,RR,9,608
Devdutt Padikkal,RCB,9,595
Kagiso Rabada,GT,7.5,590
Mitchell Marsh,LSG,10,582
Nitish Kumar Reddy,SRH,9,577
Rajat Patidar,RCB,9,570
Rashid Khan,GT,9.5,554
Travis Head,SRH,10,549
Priyansh Arya,PBKS,9.5,535
Jofra Archer,RR,9.5,526
Prince Yadav,LSG,7,524
Ravindra Jadeja,RR,10.5,515
Krunal Pandya,RCB,9,511
Naman Dhir,MI,9.5,509
Yashasvi Jaiswal,RR,10,503
Eshan Malinga,SRH,8.5,490
Cameron Green,KKR,8,486
Tilak Varma,MI,10,471
Axar Patel,DC,9.5,465
Rishabh Pant,LSG,9.5,462
Donovan Ferreira,RR,7.5,461
Ruturaj Gaikwad,CSK,9,457
Washington Sundar,GT,8.5,448
Pathum Nissanka,DC,7,445
Angkrish Raghuvanshi,KKR,9,438
Rinku Singh,KKR,9,433
Tristan Stubbs,DC,9,431
Jason Holder,GT,8,431
Kartik Tyagi,KKR,7,413
Aiden Markram,LSG,10,411
Sameer Rizvi,DC,8.5,403
Sunil Narine,KKR,10.5,396
Riyan Parag,RR,9,395
Noor Ahmad,CSK,9,392
Arshdeep Singh,PBKS,10,390
AM Ghazanfar,MI,7,379
Tim David,RCB,9,378
Nitish Rana,DC,8.5,374
Mohammed Siraj,GT,9.5,366
Rohit Sharma,MI,10,364
Ravi Bishnoi,RR,8.5,359
Anukul Roy,KKR,7.5,357
Ajinkya Rahane,KKR,9,355
Marcus Stoinis,PBKS,9,349
Phil Salt,RCB,9.5,348
Mohsin Khan,LSG,7.5,348
Finn Allen,KKR,7,335
Prasidh Krishna,GT,9,334
Vaibhav Arora,KKR,9,332
Nicholas Pooran,LSG,10.5,330
Hardik Pandya,MI,10.5,330
Josh Hazlewood,RCB,10,330
Mohammad Shami,LSG,8.5,326
Suryakumar Yadav,MI,10.5,324
Ayush Mhatre,CSK,9,311
Romario Shepherd,RCB,8.5,311
Sakib Hussain,SRH,7,310
Varun Chakaravarthy,KKR,10,308
David Miller,DC,9,305
Shivam Dube,CSK,10,296
Marco Jansen,PBKS,9.5,292
Sarfaraz Khan,CSK,7,292
Brijesh Sharma,RR,7,291
Harsh Dubey,SRH,8.5,277
Lungi Ngidi,DC,8,270
Ayush Badoni,LSG,9,266
Nandre Burger,RR,7,264
Vijaykumar Vyshak,PBKS,8,263
Rasikh Salam,RCB,7.5,261
Yuzvendra Chahal,PBKS,9.5,260
Kartik Sharma,CSK,7.5,259
Shivang Kumar,SRH,7.5,257
Mukul Choudhary,LSG,7,257
Jitesh Sharma,RCB,9,254
Akeal Hosein,CSK,7.5,253
Kuldeep Yadav,DC,9.5,244
Dewald Brevis,CSK,9,242
Rovman Powell,KKR,8,232
Suyash Sharma,RCB,8,231
Ashutosh Sharma,DC,9,229
Praful Hinge,SRH,7,222
Xavier Bartlett,PBKS,7,222
Quinton de Kock,MI,8,221
Corbin Bosch,MI,7.5,219
Mukesh Kumar,DC,8.5,216
Shashank Singh,PBKS,9,214
Avesh Khan,LSG,8,195
Salil Arora,SRH,7,195
Mitchell Santner,MI,9,194
Shahbaz Ahmed,LSG,8,192
Suryansh Shedge,PBKS,7.5,192
Urvil Patel,CSK,8,191
Digvesh Singh,LSG,9,187
Aniket Verma,SRH,9,185
Sherfane Rutherford,MI,8,183
Ramandeep Singh,KKR,7.5,181
Manimaran Siddharth,LSG,7.5,174
Arshad Khan,GT,8,170
Shimron Hetmyer,RR,9.5,169
Shardul Thakur,MI,9,169
Ashwani Kumar,MI,8.5,167
Rahul Tewatia,GT,9,166
Jacob Duffy,RCB,7,166
Glenn Phillips,GT,8,165
Ashok Sharma,GT,7,165
Gurjapneet Singh,CSK,7,164
Sandeep Sharma,RR,8,163
T Natarajan,DC,7.5,160
Mitchell Starc,DC,10,155
Tushar Deshpande,RR,8.5,154
Josh Inglis,LSG,8.5,153
Himmat Singh,LSG,7,151
Pat Cummins,SRH,9.5,150
Jasprit Bumrah,MI,11,147
Jaydev Unadkat,SRH,7,144
Mukesh Choudhary,CSK,7.5,138
Will Jacks,MI,9,136
Nehal Wadhera,PBKS,9.5,127
Jacob Bethell,RCB,7.5,126
Yash Punja,RR,7,120
Shubham Dubey,RR,7.5,117
Abdul Samad,LSG,8,115
Shahrukh Khan,GT,8.5,112
Blessing Muzarabani,KKR,7.5,110
Deepak Chahar,MI,9.5,105
Prashant Veer,CSK,8,97
Abhinandan Singh,RCB,7,91
Trent Boult,MI,10,84
Madhav Tiwari,DC,7.5,82
Manav Suthar,GT,7,82
George Linde,LSG,7.5,78
Vipraj Nigam,DC,9,75
Khaleel Ahmed,CSK,9.5,70
Kyle Jamieson,DC,8,69
Matt Henry,CSK,7.5,68
Tim Seifert,KKR,7.5,67
Venkatesh Iyer,RCB,9,61
Liam Livingstone,SRH,9,57
Yash Thakur,PBKS,7,56
David Payne,SRH,7,54
Matthew Short,CSK,7.5,53
Raj Bawa,MI,7.5,52
Akshat Raghuwanshi,LSG,7,52
Abishek Porel,DC,8.5,51
Raghu Sharma,MI,7,47
Dilshan Madushanka,SRH,7,45
Nishant Sindhu,GT,7.5,43
Ramakrishna Ghosh,CSK,7,37
Kumar Kushagra,GT,7,33
Ben Dwarshuis,PBKS,7.5,31
Auqib Nabi,DC,7.5,30
Sahil Parakh,DC,7,30
Karun Nair,DC,8,29
Dasun Shanaka,RR,8,28
Lockie Ferguson,PBKS,8,25
Arshin Kulkarni,LSG,8,22
Ravichandran Smaran,SRH,7,21
Harshal Patel,SRH,9.5,20
Krish Bhagat,MI,7,18
Robin Minz,MI,7,15
Mayank Markande,MI,7.5,12
Manish Pandey,KKR,8,8
Danish Malewar,MI,7,8
Rahul Chahar,CSK,7,8
Harpreet Brar,PBKS,8.5,6
Sai Kishore,GT,9.5,4
Dushmantha Chameera,DC,8,4
Mayank Rawat,MI,7.5,4
Anrich Nortje,LSG,7,4
Navdeep Saini,KKR,7.5,2
Mayank Yadav,LSG,7.5,2
Lhuan-dre Pretorius,RR,7,2
Wanindu Hasaranga,LSG,9,0
Azmatullah Omarzai,PBKS,9,0
Matheesha Pathirana,KKR,9,0
Rachin Ravindra,KKR,9,0
Harshit Rana,KKR,9,0
Kamindu Mendis,SRH,8.5,0
Sam Curran,RR,8.5,0
MS Dhoni,CSK,8.5,0
Keshav Maharaj,MI,8,0
Akash Singh,LSG,8,0
Vignesh Puthur,RR,8,0
Ishant Sharma,GT,8,0
Rahul Tripathi,KKR,8,0
Yash Dayal,RCB,8,0
Gerald Coetzee,SRH,7.5,0
Akash Madhwal,CSK,7.5,0
Daksh Kamra,KKR,7.5,0
Tripurana Vijay,DC,7.5,0
Aman Khan,CSK,7.5,0
Atharva Ankolekar,MI,7.5,0
Jack Edwards,SRH,7.5,0
Zakary Foulkes,CSK,7.5,0
Sarthak Ranjan,KKR,7.5,0
Krains Fuletra,SRH,7.5,0
Ajay Mandal,DC,7.5,0
Satvik Deswal,RCB,7.5,0
Kanishk Chouhan,RCB,7.5,0
Vihaan Malhotra,RCB,7.5,0
Yudhvir Singh,RR,7.5,0
Kuldeep Sen,RR,7.5,0
Shreyas Gopal,CSK,7.5,0
Musheer Khan,PBKS,7.5,0
Mitchell Owen,PBKS,7.5,0
Nuwan Thushara,RCB,7.5,0
Swapnil Singh,RCB,7.5,0
Nathan Ellis,CSK,7.5,0
Akash Deep,KKR,7.5,0
Umran Malik,KKR,7.5,0
Shivam Mavi,SRH,7.5,0
Mangesh Yadav,RCB,7.5,0
Prithvi Shaw,DC,7.5,0
R.S. Ambrish,SRH,7,0
Rehan Ahmed,DC,7,0
Connor Esterhuizen,GT,7,0
Adam Milne,RR,7,0
Luke Wood,GT,7,0
Gurnoor Brar,GT,7,0
Sushant Mishra,RR,7,0
Prithvi Raj Yarra,GT,7,0
Vishal Nishad,PBKS,7,0
Jayant Yadav,GT,7,0
Naman Tiwari,LSG,7,0
Kwena Maphaka,RR,7,0
Onkar Tarmale,SRH,7,0
Saurabh Dubey,KKR,7,0
Praveen Dubey,PBKS,7,0
Kulwant Khejroliya,GT,7,0
Amit Kumar,SRH,7,0
Spencer Johnson,CSK,7,0
Mohammad Izhar,MI,7,0
Prashant Solanki,KKR,7,0
Vicky Ostwal,RCB,7,0
Arjun Tendulkar,LSG,7,0
Aman Perala,RR,7,0
Tom Banton,GT,7,0
Harnoor Singh,PBKS,7,0
Ben Duckett,DC,7,0
Ravi Singh,RR,7,0
Pyla Avinash,PBKS,7,0
Matthew Breetzke,LSG,7,0
Vishnu Vinod,PBKS,7,0
Anuj Rawat,GT,7,0
Brydon Carse,SRH,7,0
Tejasvi Singh,KKR,7,0
Jordan Cox,RCB,7,0
Zeeshan Ansari,SRH,7,0
